<?xml version="1.0"?>
<customStates xmlns="http://schemas.microsoft.com/09/2009/communicator/customStates">
  <customState availability="Busy" ID="1">
    <activity LCID="1033">In a call</activity>
  </customState>
  <customState availability="Do-Not-Disturb" ID="2">
    <activity LCID="1033">Presenting</activity>
  </customState>
  <customState availability="Busy" ID="3">
    <activity LCID="1033">In a conference call</activity>
  </customState>
  <customState availability="Busy" ID="4">
    <activity LCID="1033">In a meeting</activity>
  </customState>
</customStates>